asv_name,asv_sequences
ASV_5835,CAGTGGGGAATATTGGACAATGGGCGCAAGCCTGATCCAGCCATGCCGCGTGTGTGATGAAGGCCTTAGGGTTGTAAAGCACTTTCACCGGAGAAGATAATGACGGTATCCGGAGAAGAAGCCCCGGCTAACTTCGTGCCAGCAGCCGCGGTAATACGAAGGGGGCTAGCGTTGTTCGGAATTACTGGGCGTAAAGCGCACGTAGGCGGATATTTAAGTCAGGGGTGAAATCCCAGAGCTCAACTCTGGAACTGCCTTTGATACTGGGTATCTTGAGTATGGAAGAGGTGAGTGGAATTCCGAGTGTAGAGGTGAAATTCGTAGATATTCGGAGGAACACCAGTGGCGAAGGCGGCTCACTGGTCCATAACTGACGCTGAGGTGCGAAAGCGTGGGGAGCAAACAGGATTAG
ASV_6810,CAGTAAGGAATATTGGTCAATGGGCGCAAGCCTGAACCAGCCATGCCGCGTGCAGGAAGACGGCCCTACGGGTTGTAAACTGCTTTTGTACCGGAATAAACCTTTTCACGTGTGAGAAGCTGAATGTACGGTAAGAATAAGGATCGGCTAACTCCGTGCCAGCAGCCGCGGTAATACGGAGGATCCAAGCGTTATCCGGATTTATTGGGTTTAAAGGGTGCGTAGGTGGCCTATTAAGTCAGGGGTGAAAGACGGTAGCTTAACTATCGCAGTGCCTTTGATACTGATGGGCTTGAATACAGTTGAAGTGGGCGGAATGTGACAAGTAGCGGTGAAATGCATAGATATGTCACAGAACACCGATTGCGAAGGCAGCTCACTAAAGTGTGATTGACACTGAGGCACGAAAGCGTGGGGATCAAACAGGATTAG
ASV_7040,CAGTGGGGAATATTGGACAATGGGCGCAAGCCTGATCCAGCAATGCCGCGTGGATGAAGAAGGTTTTCGGATTGTAAAGTCCTTTCGGCGGGGACGATGATGACGGTACCCGCAGAAGAAGCCCCGGCTAACTTCGTGCCAGCAGCCGCGGTAATACGAAGGGGGCTAGCGTTGCTCGGAATGACTGGGCGTAAAGGGCGCGTAGGCGGATTGGTTAGTCAGACGTGAAATTCCTGGGCTCAACCTGGGGGCTGCGTTTGAGACGGCTGATCTAGAGTTTGGAAGAGGGTCGTGGAATTCCCAGTGTAGAGGTGAAATTCGTAGATATTGGGAAGAACACCGGTGGCGAAGGCGGCGACCTGGTCCTTGACTGACGCTGAGGCGCGAAAGCGTGGGGAGCAAACAGGATTAG
ASV_7097,CAGTGGGGAATATTGGACAATGGGCGAAAGCCTGATCCAGCCATGCCGCGTGTGTGAAGAAGGTCTTCGGATTGTAAAGCACTTTAAGTTGGGAGGAAGGGTTGTAGATTAATACTCTGCAATTTTGACGTTACCGACAGAATAAGCACCGGCTAACTCTGTGCCAGCAGCCGCGGTAATACAGAGGGTGCAAGCGTTAATCGGAATTACTGGGCGTAAAGCGCGCGTAGGTGGTTTGTTAAGTTGAATGTGAAATCCCCGGGCTCAACCTGGGAACTGCATCCAAAACTGGCAAGCTAGAGTAGGGCAGAGGGTGGTGGAATTTCCTGTGTAGCGGTGAAATGCGTAGATATAGGAAGGAACACCAGTGGCGAAGGCGACCACCTGGGCTCATACTGACACTGAGGTGCGAAAGCGTGGGGAGCAAACAGGATTAG
ASV_7153,CAGTGGGGAATATTGGACAATGGGCGCAAGCCTGATCCAGCCATGCCGCGTGAGTGATGAAGGTCTTAGGATTGTAAAGCTCTTTCACCGGAGAAGATAATGACGGTATCCGGAGAAGAAGCCCCGGCTAACTTCGTGCCAGCAGCCGCGGTAATACGAAGGGGGCTAGCGTTGTTCGGAATTACTGGGCGTAAAGCGCACGTAGGCGGATATTTAAGTCAGGGGTGAAATCCCAGAGCTCAACTCTGGAACTGCCTTTGATACTGGGTATCTTGAGTATGGAAGAGGTAAGTGGAATTCCGAGTGTAGAGGTGAAATTCGTAGATATTCGGAGGAACACCAGTGGCGAAGGCGGCTTACTGGTCCATTACTGACGCTGAGGTGCGAAAGCGTGGGGAGCAAACAGGATTAG
ASV_7349,CAGTTGGGAATCTTGCACAATGGGGGAAACCCTGATGCAGCGACACCGCGTGGAGGATGAAGGTTTTCGGATTGTAAACTCCTTTTTTGGGGAAAGACTTAGGACGGTACCCCAAGAATAAGCACCGGCTAACTACGTGCCAGCAGCCGCGGTAAGACGTAGGGTGCAAGCGTTATCCGGATTTACTGGGCGTAAAGAGCGCGTAGGCGGCTCGTTAAGTGTGAAGTGAAATCTTCGGGCTCAACCCGAAAACTGCTTCGCATACTGGCGAGCTTGAGGGGCACAGAGGCAACTGGAATTCCTGGTGAAGCGGTGAAATGCGTAGATATCAGGAGGAACTCCCATGGCGAAGGCAGGTTGCTGGGTGCCATCTGACGCTGAGGCGCGAAAGCGTGGGTAGCAAACAGGATTAG
ASV_7397,CAGTAAGGAATATTGGTCAATGGGCGCAAGCCTGAACCAGCCATGCCGCGTGCAGGAAGACGGCCCTCTGGGTTGTAAACTGCTTTTATTCGGGAATAAACCTTTCTACGTGTAGGAAGCTGAATGTACCGAAGGAATAAGGATCGGCTAACTCCGTGCCAGCAGCCGCGGTAATACGGAGGATCCAAGCGTTATCCGGATTTATTGGGTTTAAAGGGTGCGTAGGCGGCCTGTTAAGTCAGGGGTGAAAGACGGTAGCTCAACTATCGCAGTGCCCTTGATACTGACGGGCTTGAATTGACTAGAGGTAGGCGGAATGTGACAAGTAGCGGTGAAATGCATAGATATGTCACAGAACACCGATTGCGAAGGCAGCTTACTATGGTCTTATTGACGCTGAGGCACGAAAGCGTGGGGATCAAACAGGATTAG
ASV_7428,CAGTAAGGAATATTGGTCAATGGGCGCAAGCCTGAACCAGCCATGCCGCGTGCAGGAAGACGGCCCTCTGGGTTGTAAACTGCTTTTATTCGGGAATAAACCACATTACGTGTAGTGTGCTGAATGTACCGAAGGAATAAGGATCGGCTAACTCCGTGCCAGCAGCCGCGGTAATACGGAGGATCCAAGCGTTATCCGGATTTATTGGGTTTAAAGGGTGCGTAGGCGGCCCGTTAAGTCAGGGGTGAAAGACGGTAGCTCAACTATCGCAGTGCCCTTGATACTGACGGGCTTGAATTGACTAGAGGTAGGCGGAATGTGACAAGTAGCGGTGAAATGCATAGATATGTCACAGAACACCGATTGCGAAGGCAGCTTACTATGGTCTTATTGACGCTGAGGCACGAAAGCGTGGGGATCAAACAGGATTAG
ASV_7496,CAGTGGGGAATTTTGGACAATGGGCGAAAGCCTGATCCAGCCATTCCGCGTGAGTGAAGAAGGCCTTCGGGTTGTAAAGCTCTTTCGCAAGGGAAGAAACGATGCAGTCGAATAAACTGTGTTAATGACGGTACCTTGATAAGAAGCACCGGCTAACTACGTGCCAGCAGCCGCGGTAATACGTAGGGTGCAAGCGTTAATCGGAATTACTGGGCGTAAAGCGTGCGCAGGCGGTTTTGTAAGTCAGATGTGAAATCCCCGAGCTCAACTTGGGAACTGCGTTTGAAACTACAAGACTAGAATATGTCAGAGGGGGGTAGAATTCCACGTGTAGCAGTGAAATGCGTAGAGATGTGGAGGAATACCAATGGCGAAGGCAGCCCCCTGGGATAATATTGACGCTCATGCACGAAAGCGTGGGGAGCAAACAGGATTAG
ASV_7580,CAGTGGGGAATATTGGACAATGGGCGAAAGCCTGATCCAGCAACGCCGCGTGAGGGATGACTGCCTTCGGGTTGTAAACCTCTTTCAGCGGGGACGAAGCGAAAGTGACGGTACCCGCAGAAGAAGCACCGGCCAACTACGTGCCAGCAGCCGCGGTAATACGTAGGGTGCGAGCGTTGTCCGGAATTATTGGGCGTAAAGGGCTCGTAGGCGGTTTGTCACGTCGGGAGTGAAAACTCAGGGCTCAACCCTGAGCCTGCTTCCGATACGGGCAGACTAGAGGTATGCAGGGGAGAACGGAATTCCTGGTGTAGCGGTGAAATGCGCAGATATCAGGAGGAACACCGGTGGCGAAGGCGGTTCTCTGGGCATTACCTGACGCTGAGGAGCGAAAGTGTGGGGAGCGAACAGGATTAG
ASV_7627,CAGTGGGGAATATTGCGCAATGGGCGAAAGCCTGACGCAGCGACGCCGCGTGGGGGATGACGGCCTTCGGGTTGTAAACCTCTTTCAGCAGGGACGAAGCGAAAGTGACGGTACCTGCAGAAGAAGCACCGGCCAACTACGTGCCAGCAGCCGCGGTAATACGTAGGGTGCAAGCGTTGTCCGGAATTATTGGGCGTAAAGAGCTCGTAGGCGGTTTGTTGCGTCGGCTGTGAAAACCTGAGGCTCAACCTCAGGCCTGCAGTCGATACGAGCAGACTAGAGTGTTGCAGGGGAGACTGGAATTCCTGGTGTAGCGGTGAAATGCGCAGATATCAGGAGGAACACCGGTGGCGAAGGCGGGTCTCTGGGCAACAACTGACGCTGAGGAGCGAAAGCGTGGGGAGCGAACAGGATTAG
ASV_7645,CAGTGGGGAATTTTGGACAATGGGCGAAAGCCTGATCCAGCAATGCCGCGTGCAGGATGAAGGCCTTCGGGTTGTAAACTGCTTTTGTACGGAACGAAACGGTCCTTTCTAATACAGAGGGCTAATGACGGTACCGTAAGAATAAGCACCGGCTAACTACGTGCCAGCAGCCGCGGTAATACGTAGGGTGCAAGCGTTAATCGGAATTACTGGGCGTAAAGCGTGCGCAGGCGGTTATGTAAGACAGTTGTGAAATCCCCGGGCTCAACCTGGGAATTGCATCTGTGACTGCATAGCTAGAGTACGGTAGAGGGGGATGGAATTCCGCGTGTAGCAGTGAAATGCGTAGATATGCGGAGGAACACCGATGGCGAAGGCAATCCCCTGGACCTGTACTGACGCTCATGCACGAAAGCGTGGGGAGCAAACAGGATTAG
ASV_7658,CAGTGGGGAATCTTGCGCAATGGGCGAAAGCCTGACGCAGCCATGCCGCGTGTATGATGAAGGTCTTAGGATTGTAAAATACTTTCACCGGTGAAGATAATGACTGTAGCCGGAGAAGAAGCCCCGGCTAACTTCGTGCCAGCAGCCGCGGTAATACGAAGGGGGCTAGCGTTGCTCGGAATTACTGGGCGTAAAGGGAGCGTAGGCGGACATTTAAGTCAGGGGTGAAATCCCAGAGCTCAACTCTGGAACTGCCTTTGATACTGGATGTCTTGAGTGTGAGAGAGGTATGTGGAACTCCGAGTGTAGAGGTGAAATTCGTAGATATTCGGAAGAACACCAGTGGCGAAGGCGACATACTGGCTCATTACTGACGCTGAGGCTCGAAAGCGTGGGGAGCAAACAGGATTAG
ASV_7672,CAGTGAGGAATATTGGACAATGGGTGAGAGCCTGATCCAGCCATCCCGCGTGAAGGACTAAGGCCCTATGGGTTGTAAACTTCTTTTATACTGGGATAAACCTACTTACGTGTAAGTAGCTGAAGGTACAGTATGAATAAGCACCGGCTAACTCCGTGCCAGCAGCCGCGGTAATACGGAGGGTGCAAGCGTTATCCGGATTTATTGGGTTTAAAGGGTCCGTAGGCGGATCTGTAAGTCAGTGGTGAAATCTCATAGCTTAACTATGAAACTGCCATTGATACTGCAGGTCTTGAGTGAGATTGAGGTAGCTGGAATAAGTAGTGTAGCGGTGAAATGCATAGATATTACTTAGAACACCAATTGCGAAGGCAGGTTACCAAGTCTTAACTGACGCTGATGGACGAAAGCGTGGGGAGCGAACAGGATTAG
ASV_7694,CAGTGGGGAATTTTGGACAATGGGCGAAAGCCTGATCCAGCCATTCCGCGTGAGTGAAGAAGGCCTTCGGGTTGTAAAGCTCTTTCGCAAGGGAAGAAAACTTACATTCTAATAAAGTGTGAGGCTGACGGTACCTTGATAAGAAGCACCGGCTAACTACGTGCCAGCAGCCGCGGTAATACGTAGGGTGCGAGCGTTAATCGGAATTACTGGGCGTAAAGCGTGCGCAGGCGGTTTTGTAAGTCAGATGTGAAATCCCCGAGCTCAACTTGGGAACTGCGTTTGAAACTACAAGACTAGAATATGTCAGAGGGGGGTAGAATTCCACGTGTAGCAGTGAAATGCGTAGAGATGTGGAGGAATACCAATGGCGAAGGCAGCCCCCTGGGATAATATTGACGCTCATGCACGAAAGCGTGGGGAGCAAACAGGATTAG
ASV_7704,CAGTAGGGAATCTTCGGCAATGGGGGGAACCCTGACCGAGCAACGCCGCGTGAGTGAAGAAGGTTTTCGGATCGTAAAGCTCTGTTGTAAGAGAAGAACGGGTGTGAGAGTGGAAAGTTCACACTGTGACGGTATCTTACCAGAAAGGGACGGCTAACTACGTGCCAGCAGCCGCGGTAATACGTAGGTCCCGAGCGTTGTCCGGATTTATTGGGCGTAAAGCGAGCGCAGGCGGTTAGATAAGTCTGAAGTTAAAGGCTGTGGCTTAACCATAGTATGCTTTGGAAACTGTTTAACTTGAGTGCAGAAGGGGAGAGTGGAATTCCATGTGTAGCGGTGAAATGCGTAGATATATGGAGGAACACCGGTGGCGAAAGCGGCTCTCTGGTCTGTAACTGACGCTGAGGCTCGAAAGCGTGGGGAGCAAACAGGATTAG
ASV_7755,CAGTGGGGAATATTGGACAATGGGCGCAAGCCTGATCCAGCCATGCCGCGTGAGTGATGAAGGCCTTAGGGTTGTAAAGCTCTTTCACCGATGAAGATAATGACGGTAGTCGGAGAAGAAGCCCCGGCTAACTTCGTGCCAGCAGCCGCGGTAATACGAAGGGGGCTAGCGTTGTTCGGATTTACTGGGCGTAAAGCGCACGTAGGCGGTTTGTTAAGTGAGAGGTGAAATCCCAGAGCTCAACTCTGGAACTGCCTTTCATACTGGCAAGCTAGAGTCCGGAAGAGGTAAGTGGAACTCCTAGTGTAGAGGTGGAATTCGTAGATATTAGGAAGAACACCAGTGGCGAAGGCGGCTTACTGGTCCGGAACTGACGCTGAGGTGCGAAAGCGTGGGGAGCAAACAGGATTAG
ASV_7789,CAGTGGGGAATTTTGGACAATGGGCGCAAGCCTGATCCAGCAATGCCGCGTGAGTGAAGAAGGCCTTCGGGTTGTAAAGCTCTTTTGTCAGGGAAGAAACGGTGAGGGCTAATATCCCTTGCTAATGACGGTACCTGAAGAATAAGCACCGGCTAACTACGTGCCAGCAGCCGCGGTAATACGTAGGGTGCAAGCGTTAATCGGAATTACTGGGCGTAAAGCGTGCGCAGGCGGTTTTGTAAGTCTGATGTGAAATCCCCGGGCTCAACCTGGGAATTGCATTGGAGACTGCAAGGCTAGAATCTGGCAGAGGGGGGTAGAATTCCACGTGTAGCAGTGAAATGCGTAGATATGTGGAGGAACACCGATGGCGAAGGCAGCCCCCTGGGTCAAGATTGACGCTCATGCACGAAAGCGTGGGGAGCAAACAGGATTAG
ASV_7812,CAGTGAGGAATTTTCCGCAATGGGCGAAAGCCTGACGGAGCAATGTCGCGTGGAGGAAGAAGGCCCGTGGGTCGTAAACTCCTTTTGTCAAAGAAGAAAATATGACGGTATTTGACGAATAAGCATCGGCTAACTCCGTGCCAGCAGCCGCGGTAATACGGGGGATGCAAGCGTTATCCGGAATTATTGGGCGTAAAGGGTCCTGAGGTGGCTAGCCAAGTCTATTGTGAAATATCAGGGCTTAACCCTGAACATGCGGTGGAAACTAGAAAGCTTGAGTACAGTAGGGGCGGAGGGAATTTCCGGTGGAGCGGTGAAATGCATAGATATCGGGAAGAACACCAACGGCGAAAGCACTCCGCTGGGCTGATACTGACACTGACAGACGAAAGCTAGGGTAGCGAAAGGGATTAG
ASV_7828,CAGTGGGGAATATTGGACAATGGGCGCAAGCCTGATCCAGCCATGCCGCGTGAGTGATGAAGGCCTTAGGGTTGTAAAGCTCTTTCAGTAGGGAAGATAATGACGGTACCTACAGAAGAAGCCCCGGCTAACTTCGTGCCAGCAGCCGCGGTAATACGAAGGGGGCTAGCGTTGTTCGGATTTACTGGGCGTAAAGCGCACGTAGGCGGATTGTTAAGTCAGGGGTGAAATCCCAGAGCTCAACTCTGGAACTGCCTTTGATACTGGCAATCTCGAGTCCGGAAGAGGTGAGTGGAACTCCTAGTGTAGAGGTGGAATTCGTAGATATTAGGAAGAACACCAGTGGCGAAGGCGGCTCACTGGTCCGGAACTGACGCTGAGGTGCGAAAGCGTGGGGAGCAAACAGGATTAG
ASV_7851,CAGTGGGGAATCTTGCGCAATGGGCGAAAGCCTGACGCAGCCATGCCGCGTGTATGATGAAGGTCTTAGGATTGTAAAATACTTTCACCGGTGAAGATAATGACTGTAGCCGGAGAAGAAGCCCCGGCTAACTTCGTGCCAGCAGCCGCGGTAATACGAAGGGGGCTAGCGTTGCTCGGAATTACTGGGCGTAAAGGGAGCGTAGGCGGACATTTAAGTCAGGGGTGAAATCCCAGAGCTCAACTCTGGAACTGCCTTTGATACTGGGTGTCTTGAGTGTGATAGAGGTATGTGGAACTCCGAGTGTAGAGGTGAAATTCGTAGATATTCGGAAGAACACCAGTGGCGAAGGCGACATACTGGATCATTACTGACGCTGAGGCTCGAAAGCGTGGGGAGCAAACAGGATTAG
ASV_7865,CAGTGGGGAATTTTGGACAATGGGCGAAAGCCTGATCCAGCAATGCCGCGTGCAGGATGAAGGCCTTCGGGTTGTAAACTGCTTTTGTACGGAACGAAACGGTCTTTTCTAATAAAGAAGGCTAATGACGGTACCGTAAGAATAAGCACCGGCTAACTACGTGCCAGCAGCCGCGGTAATACGTAGGGTGCAAGCGTTAATCGGAATTACTGGGCGTAAAGCGTGCGCAGGCGGTTATGTAAGACAGTTGTGAAATCCCCGGGCTCAACCTGGGAATTGCATCTGTGACTGCATAGCTAGAGTACGGTAGAGGGGGATGGAATTCCGCGTGTAGCAGTGAAATGCGTAGATATGCGGAGGAACACCGATGGCGAAGGCAATCCCCTGGACCTGTACTGACGCTCATGCACGAAAGCGTGGGGAGCAAACAGGATTAG
ASV_7879,CAGTGGGGAATATTGGACAATGGGCGGAAGCCTGATCCAGCAACGCCGCGTGAGGGATGACGGCCTTCGGGTTGTAAACCTCTTTCATCATCGACGAAGCTCGACGTTTAGTTGGGTGACGGTAGGTGGAGAAGAAGCACCGGCCAACTACGTGCCAGCAGCCGCGGTAATACGTAGGGTGCGAGCGTTGTCCGGAATTATTGGGCGTAAAGGGCTCGTAGGCGGTTTGTCGCGTCGGGAGTGAAAACACTGGGCTTAACCGAGTGCTTGCTTTCGATACGGGCAGACTTGAGGCATTGAGGGGAGAACGGAATTCCTGGTGTAGCGGTGAAATGCGCAGATATCAGGAGGAACACCGGTGGCGAAGGCGGTTCTCTGGCAATGTTCTGACGCTGAGGAGCGAAAGTGTGGGGAGCGAACAGGATTAG
ASV_7907,CAGTGGGGAATCTTGCGCAATGGGCGAAAGCCTGACGCAGCCATGCCGCGTGGATGATGAAGGTCTTAGGATTGTAAAATCCTTTCACCGGGGACGATAATGACGGTACCCGGAGAAGAAGCCCCGGCTAACTTCGTGCCAGCAGCCGCGGTAATACGAAGGGGGCTAGCGTTGCTCGGAATTACTGGGCGTAAAGGGCGCGTAGGCGGACAGTTAAGTTGGGGGTGAAAGCCCGGGGCTCAACCTCGGAATTGCCTTCAATACTGGCTGTCTTGAGTACGGGAGAGGTGAGTGGAACTCCGAGTGTAGAGGTGAAATTCGTAGATATTCGGAAGAACACCAGTGGCGAAGGCGACTCACTGGCCCGTTACTGACGCTGAGGCGCGAAAGCGTGGGGAGCAAACAGGATTAG
ASV_7928,CAGTGGGGAATATTGCACAATGGGCGCAAGCCTGATGCAGCCATGCCGCGTGTATGAAGAAGGCCTTCGGGTTGTAAAGTACTTTCAGTGGGGAGGAAGGCGATGAAGTTAATAGCTTCGTCGATTGACGTTACCCGCAGAAGAAGCACCGGCTAACTCCGTGCCAGCAGCCGCGGTAATACGGAGGGTGCAAGCGTTAATCGGAATTACTGGGCGTAAAGCGCACGCAGGCGGTCTGTCAAGTCGGATGTGAAATCCCCGGGCTCAACCTGGGAACTGCATTCGAAACTGGCAGGCTAGAGTCTTGTAGAGGGGGGTAGAATTCCAGGTGTAGCGGTGAAATGCGTAGAGATCTGGAGGAATACCGGTGGCGAAGGCGGCCCCCTGGACAAAGACTGACGCTCAGGTGCGAAAGCGTGGGGAGCAAACAGGATTAG
ASV_7933,CAGTCGAGAATCTTGGGCAATGCACGAAAGTGTGACCCAGCGACGCCGCGTGAAGGATGAAGGCCCTCTGGGTCGTAAACTTCTTTTATGAGGAAAGAAAACCCTTTAATGGGCTTGACGGTACCTCATGAATAAGCCACGGCTAACTACGTGCCAGCAGCCGCGGTAATACGTAGGTGGCAAGCGTTGTCCGGATTTACTGGGCGTAAAGCGTATGCAGGCGGATACTTAAGTAGAGAGTGAAAGGCGGGAGCTCAACTCCTGGACTGCTCCCTATACTGGGTGTCTTGAGTGGCGGAGAGGAAGATGGAACTCCATGTGTAGCGGTGAAATGCGTAGATATATGGAGGAACACCAATGGCGAAAGCAATCTTCTGGACGCAAACTGACGCTGAGATACGAAAGCCATGGTAGCGAACAGGATTAG
ASV_7951,CAGTGGGGAATATTGCGCAATGGGCGGAAGCCTGACGCAGCGACGCCGCGTGGGGGATGACGGCCTTCGGGTTGTAAACCTCTTTCGGCCCCGACGAAGCGTGAGTGACGGTAGGGGTAGAAGAAGCACCGGCCAACTACGTGCCAGCAGCCGCGGTAATACGTAGGGTGCGAGCGTTGTCCGGAATTATTGGGCGTAAAGAGCTCGTAGGCGGTCTGTCGCGTCGGTCGTGAAAACTTGGGGCTTAACCCTGAGCTTGCGGTCGATACGGGCATGACTGGAGTTCGGCAGGGGAGACTGGAATTCCTGGTGTAGCGGTGAAATGCGCAGATATCAGGAGGAACACCGGTGGCGAAGGCGGGTCTCTGGGCCGATACTGACGCTGAGGAGCGAAAGCGTGGGGAGCGAACAGGATTAG
ASV_7956,CAGTGGGGAATATTGGACAATGGGCGAAAGCCTGATCCAGCAATGCCGCGTGAGTGATGAAGGCCTTAGGGTTGTAAAGCTCTTTTACCCGGGAAGATAATGACTGTACCGGGAGAATAAGCCCCGGCTAACTCCGTGCCAGCAGCCGCGGTAATACGGAGGGGGCTAGCGTTGTTCGGAATTACTGGGCGTAAAGCGCACGTAGGCGGCTTTTTAAGTCAGAGGTGAAAGCCCGGAGCTCAACTCCGGAATTGCCTTTGAGACTGGGAGGCTTGAACGTCGGAGAGGTGAGTGGAATTCCGAGTGTAGAGGTGAAATTCGTAGATATTCGGAAGAACACCAGTGGCGAAGGCGGCTCACTGGACGACTGTTGACGCTGAGGTGCGAAAGCGTGGGGAGCAAACAGGATTAG
ASV_7958,CAGTGGGGAATATTGGACAATGGGCGAAAGCCTGATCCAGCCATGCCGCGTGTGTGAAGAAGGCCTTTTGGTTGTAAAGCACTTTAAGCGAGGAGGAGGCTACTTAGATTAATACTCTAGGATAGTGGACGTTACTCGCAGAATAAGCACCGGCTAACTCTGTGCCAGCAGCCGCGGTAATACAGAGGGTGCGAGCGTTAATCGGATTTACTGGGCGTAAAGCGTGCGTAGGCGGCTTTTTAAGTCGGATGTGAAATCCCTGAGCTTAACTTAGGAATTGCATTCGATACTGGGAAGCTAGAGTATGGGAGAGGATGGTAGAATTCCAGGTGTAGCGGTGAAATGCGTAGAGATCTGGAGGAATACCGATGGCGAAGGCAGCCATCTGGCCTAATACTGACGCTGAGGTACGAAAGCATGGGGAGCAAACAGGATTAG
ASV_7964,CAGTAGGGAATCTTCCGCAATGGACGAAAGTCTGACGGAGCAACGCCGCGTGAGTGATGAAGGCTTTCGGGTCGTAAAACTCTGTTGTTAGGGAAGAACAAGTGCTAGTTGAATAAGCTGGCACCTTGACGGTACCTAACCAGAAAGCCACGGCTAACTACGTGCCAGCAGCCGCGGTAATACGTAGGTGGCAAGCGTTATCCGGAATTATTGGGCGTAAAGCGCGCGCAGGTGGTTTCTTAAGTCTGATGTGAAAGCCCACGGCTCAACCGTGGAGGGTCATTGGAAACTGGGAGACTTGAGTGCAGAAGAGGAAAGTGGAATTCCATGTGTAGCGGTGAAATGCGTAGAGATATGGAGGAACACCAGTGGCGAAGGCGACTTTCTGGTCTGTAACTGACACTGAGGCGCGAAAGCGTGGGGAGCAAACAGGATTAG
ASV_7971,CAGTAGGGAATATTGGGCAATGGACGCAAGTCTGACCCAGCCATGCCGCGTGTAGGAAGACGGCCCTCTGGGTTGTAAACTACTTTTATCAGGGAAGAAGAGTGGGCTTGCGAGCCCATGTGACGGTACCTGAGGAATAAGCACCGGCTAACTCCGTGCCAGCAGCCGCGGTAATACGGAGGGTGCAAGCGTTGTCCGGATTTATTGGGTTTAAAGGGTGCGTAGGTGGCCTTTTAAGTCAGCTTTGAAAGCTGGTCGCTTAACGATCAGGGGTGGGTTGATACTGGAAGGCTTGGATCAGGTGGCGGTTTCTGGAACGGGTCGTGTAGCGGTGAAATGCATAGATATGACCCAGAACTCCGATTGCGAAGGCAGGAGGCTACGCCTGTATTGACACTGAGGCACGAGAGCATGGGGAGCAAACAGGATTAG
ASV_7973,CAGTAGGGAATATTGGGCAATGGGCGAGAGCCTGACCCAGCCATGCCGCGTGCAGGAAGAAGGCTTTCTGAGTCGTAAACTGCTTTTGACAGGGAAGAATAAGGTGTACGTGTACACTGATGACGGTACCTGCAGAATAAGCACCGGCTAACTCCGTGCCAGCAGCCGCGGTAATACGGAGGGTGCGAGCGTTGTCCGGATTTATTGGGTTTAAAGGGTGCGTAGGCGGCTTTTTAAGTCTGGGGTGAAAGCCCGCTGCTCAACAGCGGAACTGCCCTGGATACTGGAGAGCTTGAGTACAGACGAGGTTGGCGGAATGGACGGAGTAGCGGTGAAATGCATAGATACCGTCCAGAACCCCGATTGCGAAGGCAGCTGACTAGGCTGTTACTGACGCTGAGGCACGAAAGCGTGGGGAGCGAACAGGATTAG
ASV_7980,CAGTGAGGAATATTGGACAATGGGCGCAAGCCTGATCCAGCCATGCCGCGTGCAGGATGAAGCATCTATGGTGTGTAAACTGCTTTTATACAGGAAGAAACCCTGGGACGTGTCCCAGACTGACGGTACTGTAGGAATAAGGACCGGCTAACTCCGTGCCAGCAGCCGCGGTAATACGGAGGGTCCGAGCGTTATCCGGAATCATTGGGTTTAAAGGGTCCGTAGGCGGCCCTGTAAGTCAGTGGTGAAATCTCCCGGCTCAACCGGGAAATTGCCATTGATACTGCAGGGCTTGAATTATTGGGAAGTAACTAGAATATGTAGTGTAGCGGTGAAATGCTTAGATATTACATGGAATACCGATTGCGAAGGCAGGTTACTACCGGTGGATTGACGCTGATGGACGAAAGCGTGGGTAGCGAACAGGATTAG
ASV_7991,CAGTGGGGAATTTTGGACAATGGGCGCAAGCCTGATCCAGCAATGCCGCGTGCAGGAAGAAGGCCTTCGGGTTGTAAACTGCTTTTGTCAGGGAAGAAATCCTCTGGGTTAATACCTCGGGGGGATGACGGTACCTGAAGAATAAGCACCGGCTAACTACGTGCCAGCAGCCGCGGTAATACGTAGGGTGCGAGCGTTAATCGGAATTACTGGGCGTAAAGCGTGCGCAGGCGGTTGTGCAAGACAGGTGTGAAATCCCCGGGCTTAACCTGGGAACTGCACTTGTGACTGCACGGCTAGAGTACGGTAGAGGGGGATGGAATTCCGCGTGTAGCAGTGAAATGCGTAGATATGCGGAGGAACACCGATGGCGAAGGCAATCCCCTGGACCTGTACTGACGCTCATGCACGAAAGCGTGGGGAGCAAACAGGATTAG
ASV_8026,CAGTGGGGAATTTTGGACAATGGGCGAAAGCCTGATCCAGCCATTCCGCGTGAGTGAAGAAGGCCTTCGGGTTGTAAAGCTCTTTCGCAAGGGAAGAACACTTAATCTCTAACATAGATTGAGGTTGACGGTACCTTGATAAGAAGCACCGGCTAACTACGTGCCAGCAGCCGCGGTAATACGTAGGGTGCGAGCGTTAATCGGAATTACTGGGCGTAAAGCGTGCGCAGGCTGTTTTGTAAGTCAGATGTGAAATCCCTGAGCTCAACTTAGGAACTGCGTTTGAAACTACAAGACTAGAATATGTCAGAGGGGGGTAGAATTCCACGTGTAGCAGTGAAATGCGTAGAGATGTGGAGGAATACCAATGGCGAAGGCAGCCCCCTGGGATAATATTGACGCTCATGCACGAAAGCGTGGGGAGCAAACAGGATTAG
ASV_8035,CAGTAGGGAATCTTCCGCAATGGGCGAAAGCCTGACGGAGCAACGCCGCGTGAGTGATGAAGGTCTTCGGATCGTAAAACTCTGTTATTAGGGAAGAACAAATGCGTAAGTAACTGTGCGCGTCTTGACGGTACCTAATCAGAAAGCCACGGCTAACTACGTGCCAGCAGCCGCGGTAATACGTAGGTGGCAAGCGTTATCCGGAATTATTGGGCGTAAAGCGCGCGTAGGCGGTTTTTTAAGTCTGATGTGAAAGCCCACGGCTCAACCGTGGAGGGTCATTGGAAACTGGAAAACTTGAGTGCAGAAGAGGAAAGTGGAATTCCATGTGTAGCGGTGAAATGCGCAGAGATATGGAGGAACACCAGTGGCGAAGGCGACTTTCTGGTCTGTAACTGACGCTGATGTGCGAAAGCGTGGGGATCAAACAGGATTAG
ASV_8037,CAGTAGGGAATATTGGGCAATGGAGGCAACTCTGACCCAGCCATGCCGCGTGCAGGATGAAGGCGCTCAGCGTTGTAAACTGCTTTTATTGGTGAAGAACTATGGTCCTGCGGGGTCATTTGACGGTAGCCAAGGAATAAGCACCGGCTAACTCCGTGCCAGCAGCCGCGGTAATACGGAGGGTGCAAGCGTTGTCCGGATTTATTGGGTTTAAAGGGTGCGTAGGTGGAACTGTAAGTCTGATTTGAAAGCAAGCGGCTTAACCGTTTGATGTGGTTGGAAACTGTGGTTCTTGAATGGGTTGGCGGTAGCCGGAATGGGTCATGTAGCGGTGAAATGCATAGATATGACCCGGAACACCGATTGCGAAGGCAGGCTACTACGACTTGATTGACACTGAGGCACGAGAGCATGGGTAGCGAACAGGATTAG
ASV_8039,CAGTGGGGAATATTGGACAATGGGCGCAAGCCTGATCCAGCCATGCCGCGTGAGTGATGAAGGCCTTAGGGTTGTAAAGCTCTTTTGTCCGGGACGATAATGACGGTACCGGAAGAATAAGCCCCGGCTAACTTCGTGCCAGCAGCCGCGGTAATACGAAGGGGGCTAGCGTTGCTCGGAATCACTGGGCGTAAAGGGCGCGTAGGCGGCCATTCAAGTCGGGGGTGAAAGCCTGTGGCTCAACCACAGAATTGCCTTCGATACTGTTTGGCTTGAGTATGGCAGAGGTCAGTGGAACTGCGAGTGTAGAGGTGAAATTCGTAGATATTCGCAAGAACACCAGTGGCGAAGGCGGCTGACTGGGCCATTACTGACGCTGAGGCGCGAAAGCGTGGGGAGCAAACAGGATTAG
ASV_8041,CAGTGGGGAATATTGGACAATGGGCGAAAGCCTGATCCAGCAATGCCGCGTGAGGGATGACGGCCTTCGGGTTGTAAACCTCTTTCAGCAGGGACGAAGCGCAAGTGACGGTACCTGCAGAAGAAGCACCGGCCAACTACGTGCCAGCAGCCGCGGTAACACGTAGGGTGCGAGCGTTGTCCGGAATTATTGGGCGTAAAGGGCTCGTAGGCGGTTTGTCGCGTCGGGAGTGAAAACTCAGGGCTCAACCCTGTTCGTGCTTCCGATACGGGCAAACTAGAGGTAGGCAGGGGAGAACGGAATTCCTGGTGTAGCGGTGGAATGCGCAGATATCAGGAGGAACACCGGTGGCGAAGGCGGTTCTCTGGGCCTATTCTGACGCTGAGGAGCGAAAGCATGGGGAGCGAACAGGATTAG
ASV_8074,CAGTGGGGAATATTGGACAATGGGCGAAAGCCTGATCCAGCAATGCCGCGTGAGTGATGAAGGCCTTAGGGTTGTAAAGCTCTTTTACCCGGGATGATAATGACAGTACCGGGAGAATAAGCCCCGGCTAACTCCGTGCCAGCAGCCGCGGTAATACGGAGGGGGCTAGCGTTGTTCGGAATTACTGGGCGTAAAGCGCGCGTAGGCGGCTTTGTAAGTTAGAGGTGAAAGCCCGGAGCTCAACTCCGGAATTGCCTTTAAGACTGCATCGCTAGAATCATGGAGAGGTTAGTGGAATTCCGAGTGTAGAGGTGAAATTCGTAGATATTCGGAAGAACACCAGTGGCGAAGGCGACTAACTGGACATGTATTGACGCTGAGGTGCGAAAGCGTGGGGAGCAAACAGGATTAG
ASV_8114,CAGTGGGGAATATTGGACAATGGGCGCAAGCCTGATCCAGCCATGCCGCGTGAGTGATGAAGGCCTTAGGGTTGTAAAGCTCTTTTGTCCGGGACGATAATGACGGTACCGGAAGAATAAGCCCCGGCTAACTTCGTGCCAGCAGCCGCGGTAATACGAAGGGGGCTAGCGTTGCTCGGAATCACTGGGCGTAAAGGGCGCGTAGGCGGTCTTTTAAGTCGGGGGTGAAAGCCTGTGGCTCAACCACAGAATTGCCTTCGATACTGGGAGACTTGAGTTCGGTAGAGGTTGGTGGAACTGCGAGTGTAGAGGTGAAATTCGTAGATATTCGCAAGAACACCGGTGGCGAAGGCGGCCAACTGGACCGACACTGACGCTGAGGCGCGAAAGCGTGGGGAGCAAACAGGATTAG
ASV_8119,CAGTGGGGAATCTTGCGCAATGGGCGAAAGCCTGACGCAGCCATGCCGCGTGAATGATGAAGGTCTTAGGATTGTAAAATTCTTTCAGTAGGGACGATAATGACGGTACCTACAGAAGAAGCCCCGGCTAACTTCGTGCCAGCAGCCGCGGTAATACGAAGGGGGCTAGCGTTGCTCGGAATTACTGGGCGTAAAGGGAGCGTAGGCGGACATTTAAGTCAGGGGTGAAATCCCGGGGCTCAACCTCGGAATTGCCTTTGATACTGGGTGTCTTGAGTATGAGAGAGGTATGTGGAACTCCGAGTGTAGAGGTGAAATTCGTAGATATTCGGAAGAACACCAGTGGCGAAGGCGACATACTGGCTCATTACTGACGCTGAGGCTCGAAAGCGTGGGGAGCAAACAGGATTAG
ASV_8130,CAGTGGGGAATATTGGACAATGGGCGCAAGCCTGATCCAGCCATGCCGCGTGAGTGATGAAGGCCTTAGGGTTGTAAAGCTCTTTTGTCCGGGACGATAATGACGGTACCGGAAGAATAAGCCCCGGCTAACTTCGTGCCAGCAGCCGCGGTAATACGAAGGGGGCTAGCGTTGCTCGGAATCACTGGGCGTAAAGGGCGCGTAGGCGGCCATTCAAGTCGGGGGTGAAAGCCTGTGGCTCAACCACAGAATTGCCTTCGATACTGTTTGGCTTGAGTATGGTAGAGGTCGGTGGAACTGCGAGTGTAGAGGTGAAATTCGTAGATATTCGCAAGAACACCAGTGGCGAAGGCGGCCGACTGGACCATTACTGACGCTGAGGCGCGAAAGCGTGGGGAGCAAACAGGATTAG
ASV_8140,CAGTGGGGAATTTTGGACAATGGGGGAAACCCTGATCCAGCAATGCCGCGTGAGTGAAGAAGGCCTTCGGGTTGTAAAGCTCTTTTGTCAGGGAAGAAACACCGGCTCTAACACAGTCCGGGAATGACGGTACCTGAAGAATAAGCACCGGCTAACTACGTGCCAGCAGCCGCGGTAATACGTAGGGTGCGAGCGTTAATCGGAATTACTGGGCGTAAAGCGTGCGCAGGCGGTTATACAAGACAGGCGTGAAATCCCCGGGCTTAACCTGGGAATGGCGCCTGTGACTGTATAGCTAGAGTGTGTCAGAGGGGGGTAGAATTCCACGTGTAGCAGTGAAATGCGTAGATATGTGGAGGAATACCAATGGCGAAGGCAGCCCCCTGGGATAACACTGACGCTCATGCACGAAAGCGTGGGGAGCAAACAGGATTAG
ASV_8163,CAGTAGGGAATATTGGGCAATGGAGGCAACTCTGACCCAGCCATGCCGCGTGCAGGATGAAGGCGCTCAGCGTCGTAAACTGCTTTTATCTGGGAAGAACTGTGAGGATGCGTCCTTATTTGACGGTACCAGAGGAATAAGCACCGGCTAACTCCGTGCCAGCAGCCGCGGTAATACGGAGGGTGCAAGCGTTGTCCGGATTTATTGGGTTTAAAGGGTGCGCAGGTGGGTATTTAAGTCTGGTTTGAAAGCAGGTGGCTCAACCATCTGATGTGGCTGGAAACTGGATATCTTGAATGGGTTGGCGGTAGCCGGAATGGGTCATGTAGCGGTGAAATGCATAGATATGACCCGGAACACCGATTGCGAAGGCAGGCTACTACGACTTGATTGACACTGAGGCACGAGAGCATGGGTAGCGAACAGGATTAG
ASV_8168,CAGTAGGGAATATTGGGCAATGGGCGAGAGCCTGACCCAGCCATGCCGCGTGCAGGAAGAAGGCTTTCTGAGTCGTAAACTGCTTTTGACAGGGAAGAATAAGCTGGTCGTGACCAGTGATGACGGTACCTGCAGAATAAGCACCGGCTAACTCCGTGCCAGCAGCCGCGGTAATACGGAGGGTGCGAGCGTTGTCCGGATTTATTGGGTTTAAAGGGTGCGTAGGCGGCCGATTAAGTCTGGGGTGAAAGCCCGCTGCTCAACAGCGGAACTGCCCTGGATACTGGTTGGCTTGAGTACAGACGAGGTTGGCGGAATGGACTGAGTAGCGGTGAAATGCATAGATACAGTCCAGAACCCCGATTGCGAAGGCAGCTGACTAGGCTGTTACTGACGCTGAGGCACGAAAGCGTGGGGAGCGAACAGGATTAG
ASV_8170,CAGTGGGGAATTTTGGACAATGGGCGCAAGCCTGATCCAGCAATGCCGCGTGAGTGAAGAAGGCCTTCGGGTTGTAAAGCTCTTTTGTCAGGGAAGAAACGGTGAAGGCTAATATCTTTTGCTAATGACGGTACCTGAAGAATAAGCACCGGCTAACTACGTGCCAGCAGCCGCGGTAATACGTAGGGTGCAAGCGTTAATCGGAATTACTGGGCGTAAAGCGTGCGCAGGCGGTTTTGTAAGTTTGTCGTGAAAGCCCCGGGCTCAACCTGGGAATTGCGATGAAGACTGCAAGGCTTGAATCTGGCAGAGGGGGGTAGAATTCCACGTGTAGCAGTGAAATGCGTAGAGATGTGGAGGAACACCGATGGCGAAGGCAGCCCCCTGGGTCAAGATTGACGCTCATGCACGAAAGCGTGGGGAGCAAACAGGATTAG
ASV_8210,CAGTAGGGAATATTGGGCAATGGAGGCAACTCTGACCCAGCCATGCCGCGTGCAGGATGAAGGCGCTCAGCGTTGTAAACTGCTTTTATTGGTGAAGAACTATGGTCCTGCGGGATTATTTGACGGTAGCCAAGGAATAAGCACCGGCTAACTCCGTGCCAGCAGCCGCGGTAATACGGAGGGTGCAAGCGTTGTCCGGATTTATTGGGTTTAAAGGGTGCGTAGGTGGAACTGTAAGTCTGATTTGAAAGCAAGCGGCTTAACCGTTTGATGTGGTTGGAAACTGTGGTTCTTGAATGGGTTGGCGGTAGCCGGAATGGGTCATGTAGCGGTGAAATGCATAGATATGACCCGGAACACCGATTGCGAAGGCAGGCTACTACGACTTGATTGACACTGAGGCACGAGAGCATGGGTAGCGAACAGGATTAG
ASV_8213,CAGTAGGGAATATTGGGCAATGGGCGAGAGCCTGACCCAGCCATGCCGCGTGCAGGAAGAAGGCTTTCTGAGTCGTAAACTGCTTTTGACAGGGAAGAATAAGCACTACGTGTAGTGTGATGACGGTACCTGCAGAATAAGCACCGGCTAACTCCGTGCCAGCAGCCGCGGTAATACGGAGGGTGCGAGCGTTGTCCGGATTTATTGGGTTTAAAGGGTGCGTAGGCGGCCTGTTAAGTCCGGGGTGAAAGCCCGTTGCTCAACAACGGAACTGCCCTGGATACTGCCAGGCTTGAGTACAGACGAGGTTGGCGGAATGGACCGAGTAGCGGTGAAATGCATAGATACGGTCCAGAACCCCGATTGCGAAGGCAGCTGACTAGGCTGTTACTGACGCTGAGGCACGACAGCGTGGGGAGCGAACAGGATTAG
ASV_8240,CAGTGGGGAATATTGGACAATGGGCGGAAGCCTGATCCAGCAACGCCGCGTGAGGGATGACGGCCTTCGGGTTGTAAACCTCTTTCAGTACCGACGAAGCGCAAGTGACGGTAGGTACAGAAGAAGCACCGGCCAACTACGTGCCAGCAGCCGCGGTAATACGTAGGGTGCGAGCGTTGTCCGGAATTATTGGGCGTAAAGGGCTCGTAGGCGGTTTGTCGCGTCGGGAGTGAAAACGCCGTGCTTAACACGGCGCTTGCTTTCGATACGGGCAGACTAGAGGTATTCAGGGGAGAACGGAATTCCTGGTGTAGCGGTGAAATGCGCAGATATCAGGAGGAACACCGGTGGCGAAGGCGGTTCTCTGGGAATGACCTGACGCTGAGGAGCGAAAGTGTGGGGAGCGAACAGGATTAG
ASV_8246,CAGTAGGGAATATTGGGCAATGGGCGAGAGCCTGACCCAGCCATGCCGCGTGCAGGAAGAAGGCTTTCTGAGTCGTAAACTGCTTTTGACAGGGAAGAATAAGCACTACGTGTAGTGTGATGACGGTACCTGCAGAATAAGCACCGGCTAACTCCGTGCCAGCAGCCGCGGTAATACGGAGGGTGCGAGCGTTGTCCGGATTTATTGGGTTTAAAGGGTGCGTAGGCGGCCCGTTAAGTCCGGGGTGAAAGCCCGCTGCTCAACAGCGGAACTGCCCTGGATACTGACGGGCTTGAGTACAGACGAGGTTGGCGGAATGGACTGAGTAGCGGTGAAATGCATAGATACAGTCCAGAACCCCGATTGCGAAGGCAGCTGACTAGGCTGTTACTGACGCTGAGGCACGAAAGCGTGGGGAGCGAACAGGATTAG
ASV_8252,CAGTGGGGAATATTGGACAATGGGCGAAAGCCTGATCCAGCAATGCCGCGTGAGTGATGAAGGCCTTAGGGTTGTAAAGCTCTTTTACCCGGGATGATAATGACAGTACCGGGAGAATAAGCTCCGGCTAACTCCGTGCCAGCAGCCGCGGTAATACGGAGGGAGCTAGCGTTGTTCGGAATTACTGGGCGTAAAGCGCACGTAGGCGGCTTTGTAAGTTAGAGGTGAAAGCCTGGAGCTCAACTCCAGAATTGCCTTTAAGACTGCATCGCTTGAATCCAAGAGAGGTGAGTGGAATTCCGAGTGTAGAGGTGAAATTCGTAGATATTCGGAAGAACACCAGTGGCGAAGGCGGCTCACTGGCTTGGTATTGACGCTGAGGTGCGAAAGCGTGGGGAGCAAACAGGATTAG
ASV_8268,CAGTAGGGAATATTGGGCAATGGAGGCAACTCTGACCCAGCCATGCCGCGTGCAGGAAGAAGGCGTTATGCGTTGTAAACTGCTTTTATATAGGAAGAAATAGTCCTTGCGAGGAAAGTTGACGGTACTATATGAATAAGCACCGGCTAACTCCGTGCCAGCAGCCGCGGTAATACGGAGGGTGCAAGCGTTGTCCGGATTTATTGGGTTTAAAGGGTGCGTAGGCGGTTTATTAAGTCAGTGGTGAAAGACGGTCGCTCAACGATTGCAGTGCCATTGATACTGGTAGACTTGAGTGGGATTGAGGTAGCTGGAATGGATAGTGTAGCGGTGAAATGCATAGATATTATCCAGAACACCAATTGCGTAGGCAAGTTACTAAGTCTCAACTGACGCTGAGGCACGAAAGTGTGGGTATCAAACAGGATTAG
ASV_8281,CAGTGGGGAATCTTGCGCAATGGGCGAAAGCCTGACGCAGCCATGCCGCGTGGATGATGAAGGTCTTAGGATTGTAAAATCCTTTCACCGGTGAAGATAATGACTGTAGCCGGAGAAGAAGCCCCGGCTAACTTCGTGCCAGCAGCCGCGGTAATACGAAGGGGGCTAGCGTTGCTCGGAATTACTGGGCGTAAAGGGAGCGTAGGCGGACATTTAAGTCAGGGGTGAAATCCCAGAGCTCAACTCTGGAACTGCCTTTGATACTGGATGTCTTGAGTGTGAGAGAGGTATGTGGAACTCCGAGTGTAGAGGTGAAATTCGTAGATATTCGGAAGAACACCAGTGGCGAAGGCGACATACTGGCTCATTACTGACGCTGAGGCTCGAAAGCGTGGGGAGCAAACAGGATTAG
ASV_8282,CAGTGGGGAATCTTGCGCAATGGGCGAAAGCCTGACGCAGCCATGCCGCGTGTATGATGAAGGTCTTAGGATTGTAAAATACTTTCACCGGTGAAGATAATGACTGTAGCCGGAGAAGAAGCCCCGGCTAACTTCGTGCCAGCAGCCGCGGTAATACGAAGGGGGCTAGCGTTGCTCGGAATTACTGGGCGTAAAGGGAGCGTAGGCGGACATTTAAGTCAGGGGTGAAATCCCAGAGCTCAACTCTGGAACTGCCTTTGATACTGGGTGTCTTGAGTGTGAGAGAGGTATGTGGAACTCCGAGTGTAGAGGTGAAATTCGTAGATATTCGGAAGAACACCAGTGGCGAAGGCGACATACTGGCTCATTACTGACGCTGAGGCTCGAAAGCGTGGGGAGCAAACAGGATTAG
ASV_8283,CAGTAAGGAATATTGGTCAATGGAGGCAACTCTGAACCAGCCATGCCGCGTGCAGGAAGACAGCCCTCTGGGTCGTAAACTGCTTTTATTCGGGAATAAACCTAGCTACGTGTAGCTAGCTGAATGTACCGAAGGAATAAGGATCGGCTAACTCCGTGCCAGCAGCCGCGGTAATACGGAGGATCCAAGCGTTATCCGGATTTATTGGGTTTAAAGGGTGCGTAGGCGGCTTTTTAAGTCAGGGGTGAAAGACGGTAGCTCAACTATCGCAGTGCCCTTGATACTGAAGAGCTTGAATGGACTAGAGGTAGGCGGAATGTGACAAGTAGCGGTGAAATGCATAGATATGTCACAGAACACCGATTGCGAAGGCAGCTTACTATGGTTTTATTGACGCTGAGGCACGAAAGCGTGGGGATCAAACAGGATTAG
ASV_8289,CAGTGGGGAATATTGCACAATGGGCGAAAGCCTGATGCAGCGACGCCGCGTGAGGGATGACGGCCTTCGGGTTGTAAACCTCTTTCAGCAGGGACGAAGCGCAAGTGACGGTACCTGCAGAAGAAGCACCGGCTAACTACGTGCCAGCAGCCGCGGTAATACGTAGGGTGCAAGCGTTGTCCGGAATTACTGGGCGTAAAGAGTTCGTAGGCGGTTTGTCGCGTCGTTTGTGAAAACCAGCAGCTCAACTGCTGGCTTGCAGGCGATACGGGCAGACTTGAGTACTGCAGGGGAGACTGGAATTCCTGGTGTAGCGGTGAAATGCGCAGATATCAGGAGGAACACCGGTGGCGAAGGCGGGTCTCTGGGCAGTAACTGACGCTGAGGAACGAAAGCGTGGGTAGCGAACAGGATTAG
ASV_8306,CAGTAGGGAATATTGGGCAATGGAGGCAACTCTGACCCAGCCATGCCGCGTGCAGGATGAAGGCGCTCAGCGTTGTAAACTGCTTTTATCGGTGAAGAAAACTTGTCCTGCGGGATGAATTGACGGTAGCCGAGGAATAAGCACCGGCTAACTCCGTGCCAGCAGCCGCGGTAATACGGAGGGTGCAAGCGTTGTCCGGATTTATTGGGTTTAAAGGGTGCGTAGGTGGTGTCTTAAGTCTGGTTTGAAAGCAGGCGGCTTAACCGTCTGATGTGGCTGGAAACTGGGGCACTTGAATGGGTTGGCGGTAGCCGGAACGGGTCATGTAGCGGTGAAATGCATAGATATGACCCAGAACACCGATTGCGAAGGCAGGCTACTACGACTTGATTGACACTGAGGCACGAGAGCATGGGTAGCGAACAGGATTAG
ASV_8322,CAGTGGGGAATATTGGACAATGGGCGCAAGCCTGATCCAGCAATGCCGCGTGTGTGAAGAAGGTCTTCGGATCGTAAAGCACTTTCGACGGGGACGATGATGACGGTACCCGTAGAAGAAGCCCCGGCTAACTTCGTGCCAGCAGCCGCGGTAATACGAAGGGGGCTAGCGTTACTCGGAATTACTGGGCGTAAAGGGCGCGTAGGCGGCGCTCCAAGTTAGGCGTGAAAGTCCTGGGCTCAACCTGGGAACTGCGCTTAAGACTGGAGTGCTTGAGGATGGAAGAGGGTCGTGGAATTCCCAGTGTAGAGGTGAAATTCGTAGATATTGGGAAGAACACCGGTGGCGAAGGCGGCGACCTGGTCCATTACTGACGCTGAGGCGCGACAGCGTGGGGAGCAAACAGGATTAG
ASV_8333,CAGTGGGGAATATTGCGCAATGGGCGGAAGCCTGACGCAGCGACGCCGCGTGAGGGATGAAGGCCTTCGGGTTGTAAACCTCTTTCAGCTCCGAAGAAGCGAGAGTGACGGTAGGAGCAGAAGAAGCACCGGCTAACTACGTGCCAGCAGCCGCGGTAATACGTAGGGTGCAAGCGTTGTCCGGAATTATTGGGCGTAAAGAGCTCGTAGGCGGCTCGTCGCGTCTGCTGTGAAAGCCCGGGGCTTAACCCCGGGTCTGCAGTGGGTACGGGCGGGCTAGAGTGCGGTAGGGGAGACTGGAATTCCTGGTGTAGCGGTGAAATGCGCAGATATCAGGAGGAACACCGGTGGCGAAGGCGGGTCTCTGGGCCGTAACTGACGCTGAGGAGCGAAAGCATGGGTAGCGAACAGGATTAG
ASV_8342,CAGTGGGGAATTTTCCGCAATGGGCGAAAGCCTGACGGAGCAATACCGCGTGAGGGATGAAGGCCTTTGGGTTGTAAACCTCTTTTATCAAGGAGGAAGTTCTGACGTGTACTTGATGAATAAGCATCGGCTAACTCCGTGCCAGCAGCCGCGGTAAGACGGAGGATGCAAGTGTTATCCGGAATCACTGGGCGTAAAGCGTCTGTAGGTGGTTTCAAAAGTCCACTGTTAAAGATTGAAGCTTAACTTCAAAAATGCCGTGGAAACTTTGAAACTTGAGTATGATAGGGGTAGAGGGAATTTCCAGTGGAGCGGTGAAATGCGTAGATATTGGAAAGACCACCAATGGCGAAGGCACTCTACTGGGCCATTACTGACACTGAGAGACGAAAGCTAGGGGAGCAAATGGGATTAG
ASV_8358,CAGTGGGGAATATTGGACAATGGGCGCAAGCCTGATCCAGCAATGCCGCGTGAGTGATGAAGGCCTTAGGGTTGTAAAGCTCTTTTACCCGGGATGATAATGACAGTACCGGGAGAATAAGCCCCGGCTAACTCCGTGCCAGCAGCCGCGGTAATACGGAGGGGGCTAGCGTTGTTCGGAATTACTGGGCGTAAAGCGTACGTAGGCGGCTTTGTAAGTTAGAGGTGAAAGCCTGGAGCTCAACTCCAGAACTGCCTTTAAGACTGCATCGCTTGAATCCAGGAGAGGTGAGTGGAATTCCGAGTGTAGAGGTGAAATTCGTAGATATTCGGAAGAACACCAGTGGCGAAGGCGGCTCACTGGACTGGTATTGACGCTGAGGTACGAAAGCGTGGGGAGCAAACAGGATTAG
ASV_8366,CAGTGGGGAATATTGGACAATGGGCGAAAGCCTGATCCAGCCATGCCGCGTGTGTGAAGAAGGTCTTCGGATTGTAAAGCACTTTAAGTTGGGAGGAAGGGTTGTAGATTAATACTCTGCAATTTTGACGTTACCGACAGAATAAGCACCGGCTAACTCTGTGCCAGCAGCCGCGGTAATACAGAGGGTGCAAGCGTTAATCGGAATTACTGGGCGTAAAGCGCGCGTAGGTGGTTAGTTAAGTTGGATGTGAAATCCCCGGGCTCAACCTGGGAACTGCATTCAAAACTGACTGACTAGAGTATGGTAGAGGGTGGTGGAATTTCCTGTGTAGCGGTGAAATGCGTAGATATAGGAAGGAACACCAGTGGCGAAGGCGACCACCTGGACTGATACTGACACTGAGGTGCGAAAGCGTGGGGAGCAAACAGGATTAG
ASV_8374,CAGTGGGGAATATTGGACAATGGGCGAAAGCCTGATCCAGCCATGCCGCGTGTGTGAAGAAGGTCTTCGGATTGTAAAGCACTTTAAGTTGGGAGGAAGGGCAGTTACCTAATACGTATCTGTTTTGACGTTACCGACAGAATAAGCACCGGCTAACTCTGTGCCAGCAGCCGCGGTAATACAGAGGGTGCAAGCGTTAATCGGAATTACTGGGCGTAAAGCGCGCGTAGGTGGTTTGTTAAGTTGGATGTGAAATCCCCGGGCTCAACCTGGGAACTGCATTCAAAACTGACAAGCTAGAGTATGGTAGAGGGTGGTGGAATTTCCTGTGTAGCGGTGAAATGCGTAGATATAGGAAGGAACACCAGTGGCGAAGGCGACCACCTGGACTGATACTGACACTGAGGTGCGAAAGCGTGGGGAGCAAACAGGATTAG
ASV_8383,CAGTGGGGAATATTGCACAATGGGCGCAAGCCTGATGCAGCCATGCCGCGTGTATGAAGAAGGCCTTCGGGTTGTAAAGTACTTTCAGCGGGGAGGAAGGCGATGGGGTTAATAACCTTATCGATTGACGTTACCCGCAGAAGAAGCACCGGCTAACTCCGTGCCAGCAGCCGCGGTAATACGGAGGGTGCAAGCGTTAATCGGAATTACTGGGCGTAAAGCGCACGCAGGCGGTCTGTTAAGTCAGATGTGAAATCCCCGGGCTTAACCTGGGAACTGCATTTGAAACTGGCAGGCTTGAGTCTTGTAGAGGGGGGTAGAATTCCAGGTGTAGCGGTGAAATGCGTAGAGATCTGGAGGAATACCGGTGGCGAAGGCGGCCCCCTGGACAAAGACTGACGCTCAGGTGCGAAAGCGTGGGGAGCAAACAGGATTAG
ASV_8390,CAGTGGGGAATATTGGACAATGGGCGAAAGCCTGATCCAGCCATGCCGCGTGTGTGAAGAAGGTCTTCGGATTGTAAAGCACTTTAAGTTGGGAGGAAGGGCATTAACCTAATACGTTAGTGTTTTGACGTTACCGACAGAATAAGCACCGGCTAACTCTGTGCCAGCAGCCGCGGTAATACAGAGGGTGCAAGCGTTAATCGGAATTACTGGGCGTAAAGCGCGCGTAGGTGGTTTGTTAAGTTGGATGTGAAATCCCCGGGCTCAACCTGGGAACTGCATTCAAAACTGACAAGCTAGAGTATGGTAGAGGGTGGTGGAATTTCCTGTGTAGCGGTGAAATGCGTAGATATAGGAAGGAACACCAGTGGCGAAGGCGACCACCTGGACTGATACTGACACTGAGGTGCGAAAGCGTGGGGAGCAAACAGGATTAG
ASV_8393,CAGTGGGGAATATTGCACAATGGGCGGAAGCCTGATGCAGCGACGCCGCGTGAGGGATGACGGCCTTCGGGTTGTAAACCTCTTTCAGTAGGGAAGAAGCGAGAGTGACGGTACCTGCAGAAGAAGCGCCGGCTAACTACGTGCCAGCAGCCGCGGTAATACGTAGGGCGCAAGCGTTGTCCGGAATTATTGGGCGTAAAGAGCTCGTAGGCGGTTTGTCGCGTCTGCTGTGAAAGCCCGGGGCTCAACCCCGGGTCTGCAGTGGGTACGGGCAGACTAGAGTGCAGTAGGGGAGACTGGAATTCCTGGTGTAGCGGTGAAATGCGCAGATATCAGGAGGAACACCGATGGCGAAGGCAGGTCTCTGGGCTGTTACTGACGCTGAGGAGCGAAAGCATGGGGAGCGAACAGGATTAG
ASV_8396,CAGTAGGGAATATTGGGCAATGGGCGAGAGCCTGACCCAGCCATGCCGCGTGCAGGATGAAGGCTTTCTGAGTCGTAAACTGCTTTTGCCAGGGAAGAAAAAGAGGGATGCGTCCTTCACTGACGGTACCTGGTGAATAAGCACCGGCTAACTCCGTGCCAGCAGCCGCGGTAATACGGAGGGTGCAAGCGTTGTCCGGATTTATTGGGTTTAAAGGGTGCGTAGGCGGCTCATTAAGTCTGGGGTGAAAGCCCGTTGCTCAACAACGGAACTGCCCTGGAAACTGGTGAGCTTGAGTACAGACGAGGGTGGCGGAATGGATGCTGTAGCGGTGAAATGCATAGATAGCATCCAGAACCCCGATTGCGAAGGCAGCTGCCTAGACTGTAACTGACGCTGAGGCACGAAAGCGTGGGGAGCGAACAGGATTAG
ASV_8411,CAGTAGGGAATATTGGGCAATGGATGCAAGTCTGACCCAGCCATGCCGCGTGCCGGATGAAGGCCCTCAGGGTTGTAAACGGCTTTTATCCGGGAAGAAGAGCAGGGGTGCGCCCCTGTGTGACGGTACCGGATGAATAAGCACCGGCTAACTCCGTGCCAGCAGCCGCGGTAATACGGAGGGTGCGAGCGTTGTCCGGATTTATTGGGTTTAAAGGGTGCGTAGGTGGCTTTTTAAGTCAGTGGTGAAATACAGCCGCTCAACGGTTGAGGTGCCATTGATACTGAAGAGCTTGAAACAAGTGGAGGCTGCCGGAATGGATGGTGTAGCGGTGAAATGCATAGATATCATCCAGAACACCGATTGCGAAGGCAGGTGGCTACGTTTGATTTGACACTGAGGCACGAAAGCATGGGGAGCAAACAGGATTAG
ASV_8414,CAGTAAGGAATATTGGTCAATGGAGGCAACTCTGAACCAGCCATGCCGCGTGCAGGAAGACAGCCCTCTGGGTCGTAAACTGCTTTTATTCGGGAATAAACCTACTTACGTGTAAGTAGCTGAATGTACCGAAGGAATAAGGATCGGCTAACTCCGTGCCAGCAGCCGCGGTAATACGGAGGATCCAAGCGTTATCCGGATTTATTGGGTTTAAAGGGTGCGTAGGCGGCTTTTTAAGTCAGGGGTGAAAGACGGTAGCTCAACTATCGCAGTGCCCTTGATACTGAAGAGCTTGAATGAACTAGAGGTAGGCGGAATGTGACAAGTAGCGGTGAAATGCATAGATATGTCACAGAACACCGATTGCGAAGGCAGCTTACTATGGTTAAATTGACGCTGAGGCACGAAAGCGTGGGGATCAAACAGGATTAG
ASV_8424,CAGTGGGGAATATTGGACAATGGGCGAAAGCCTGATCCAGCAATGCCGCGTGAGTGATGAAGGCCTTAGGGTTGTAAAGCTCTTTTACCCGAGATGATAATGACAGTATCGGGAGAATAAGCTCCGGCTAACTCCGTGCCAGCAGCCGCGGTAATACGGAGGGAGCTAGCGTTGTTCGGAATTACTGGGCGTAAAGCGCACGTAGGCGGCTTTTTAAGTCAGGGGTGAAATCCCGGGGCTCAACCCCGGAACTGCCCTTGAAACTGGGAAGCTAGAATCTTGGAGAGGCGAGTGGAATTCCGAGTGTAGAGGTGAAATTCGTAGATATTCGGAAGAACACCAGTGGCGAAGGCGACTCGCTGGACAAGTATTGACGCTGAGGTGCGAAAGCGTGGGGAGCAAACAGGATTAG
ASV_8463,CAGTGGGGAATATTGCACAATGGGCGCAAGCCTGATGCAGCAACGCCGCGTGAGGGACGACGGCCTTCGGGTTGTAAACCTCTTTTGGCAGGGAAGAAGCGAAAGTGACGGTACCTGCAGAAAAAGCACCGGCTAACTACGTGCCAGCAGCCGCGGTAATACGTAGGGTGCAAGCGTTGTCCGGAATTATTGGGCGTAAAGAGCTCGTAGGCGGTTTGTCGCGTCTGCTGTGAAAACGCGAGGCTCAACCTCGCGCCTGCAGTGGGTACGGGCAGACTAGAGTGCGGTAGGGGAGATTGGAATTCCTGGTGTAGCGGTGGAATGCGCAGATATCAGGAGGAACACCGATGGCGAAGGCAGATCTCTGGGCCGTTACTGACGCTGAGGAGCGAAAGCGTGGGGAGCGAACAGGATTAG
ASV_8464,CAGTGGGGAATATTGGACAATGGGCGAAAGCCTGATCCAGCAACGCCGCGTGAGGGATGACGGCCTTCGGGTTGTAAACCTCTTTCAGCGCAGACGAAGCGAAAGTGACGGTATGCGCAGAAGAAGCACCGGCCAACTACGTGCCAGCAGCCGCGGTAATACGTAGGGTGCGAGCGTTGTCCGGAATTATTGGGCGTAAAGGGCTCGTAGGCGGTCTGTTGCGTCAGGAGTGAAAACTCGGGGCTTAACCCCGAGCCTGCTTCTGATACGGGCAGACTAGAGGTATGCAGGGGAGAACGGAATTCCTGGTGTAGCGGTGAAATGCGCAGATATCAGGAGGAACACCGGTGGCGAAGGCGGTTCTCTGGGCATTACCTGACGCTGAGGAGCGAAAGTGTGGGGAGCGAACAGGATTAG
ASV_8466,CAGTGGGGAATATTGGACAATGGGCGAAAGCCTGATCCAGCAATGCCGCGTGAGTGATGAAGGCCTTAGGGTTGTAAAGCTCTTTTACCCGGGATGATAATGACAGTACCGGGAGAATAAGCTCCGGCTAACTCCGTGCCAGCAGCCGCGGTAATACGGAGGGAGCTAGCGTTATTCGGAATTACTGGGCGTAAAGCGCACGTAGGCGGCTTTGTAAGTAAGAGGTGAAAGCCTGGTGCTCAACACCAGAACTGCCTTTTAGACTGCATCGCTTGAATCATGGAGAGGTGAGTGGAATTCCGAGTGTAGAGGTGAAATTCGTAGATATTCGGAAGAACACCAGTGGCGAAGGCGGCTCACTGGACATGTATTGACGCTGAGGTGCGAAAGCGTGGGGAGCAAACAGGATTAG
ASV_8471,CAGTGGGGAATATTGGACAATGGGCGGAAGCCTGATCCAGCAACGCCGCGTGAGGGATGACTGCCTTCGGGTTGTAAACCTCTTTCAGCACAGACGAAGCGAAAGTGACGGTATGTGCAGAAGAAGCACCGGCCAACTACGTGCCAGCAGCCGCGGTAATACGTAGGGTGCGAGCGTTGTCCGGAATTATTGGGCGTAAAGGGCTCGTAGGCGGTTTGTCGCGTCGGGAGTGAAAACACACAGCTTAACTGTGTGCTTGCTTCCGATACGGGCAGACTAGAGGTATGCAGGGGAGAACGGAATTCCTGGTGTAGCGGTGAAATGCGCAGATATCAGGAGGAACACCGGTGGCGAAGGCGGTTCTCTGGGCATTACCTGACGCTGAGGAGCGAAAGTGTGGGGAGCGAACAGGATTAG
ASV_8514,CAGTGGGGAATATTGCACAATGGGCGCAAGCCTGATGCAGCGACGCCGCGTGAGGGATGACGGCCTTCGGGTTGTAAACCTCTTTCAGCAGGGACGAAGCGCAAGTGACGGTACCTGCAGAAGAAGCACCGGCCAACTACGTGCCAGCAGCCGCGGTAATACGTAGGGTGCAAGCGTTGTCCGGAATTACTGGGCGTAAAGAGCTCGTAGGCGGTTTGTCGCGTCGTCTGTGAAAACCAGCAGCTCAACTGTTGGCTTGCAGGCGATACGGGCAGACTTGAGTATTTCAGGGGAGACTGGAATTCCTGGTGTAGCGGTGAAATGCGCAGATATCAGGAGGAACACCGGTGGCGAAGGCGGGTCTCTGGGAAATAACTGACGCTGAGGAGCGAAAGCGTGGGTAGCGAACAGGATTAG
ASV_8516,CAGTGGGGAATTTTGGACAATGGGCGAAAGCCTGATCCAGCAATGCCGCGTGAGTGAAGAAGGCCTTCGGGTTGTAAAGCTCTTTTGTCAGGGAAGAAACGGTGAGGGCTAATATCCTTCACTAATGACGGTACCTGAAGAATAAGCACCGGCTAACTACGTGCCAGCAGCCGCGGTAATACGTAGGGTGCAAGCGTTAATCGGAATTACTGGGCGTAAAGCGTGCGCAGGCGGTTTTGTAAGTCTGACGTGAAATCCCCGGGCTCAACCTGGGAATTGCGTTGGAGACTGCAAGGCTAGAATCTGGCAGAGGGGGGTAGAATTCCACGTGTAGCAGTGAAATGCGTAGAGATGTGGAGGAACACCGATGGCGAAGGCAGCCCCCTGGGTCAAGATTGACGCTCATGCACGAAAGCGTGGGGAGCAAACAGGATTAG
ASV_8542,CAGTGGGGAATTTTGGACAATGGGCGAAAGCCTGATCCAGCAATGCCGCGTGTGTGAAGAAGGCCTTCGGGTTGTAAAGCACTTTTGTCCGGAAAGAAATGGCTCTGGTTAATACCTGGGGTCGATGACGGTACCGGAAGAATAAGGACCGGCTAACTACGTGCCAGCAGCCGCGGTAATACGTAGGGTCCAAGCGTTAATCGGAATTACTGGGCGTAAAGCGTGCGCAGGCGGTTGTGCAAGACCGATGTGAAATCCCCGGGCTTAACCTGGGAATTGCATTGGTGACTGCACGGCTAGAGTGTGTCAGAGGGGGGTAGAATTCCACGTGTAGCAGTGAAATGCGTAGAGATGTGGAGGAATACCGATGGCGAAGGCAGCCCCCTGGGATAACACTGACGCTCATGCACGAAAGCGTGGGGAGCAAACAGGATTAG
ASV_8553,CAGTGGGGAATATTGGACAATGGGCGCAAGCCTGATCCAGCCATGCCGCGTGAGTGATGAAGGCCTTAGGGTTGTAAAGCTCTTTTGTACGGGAAGATAATGACGGTACCGTAAGAATAAGCCCCGGCTAACTTCGTGCCAGCAGCCGCGGTAATACGAAGGGGGCTAGCGTTGCTCGGAATCACTGGGCGTAAAGGGTGCGTAGGCGGGTTTTTAAGTCAGAGGTGAAATCCTGGAGCTCAACTCCAGAACTGCCTTTGATACTGAAAGTCTTGAGTATGGGAGAGGTGAGTGGAACTGCGAGTGTAGAGGTGAAATTCGTAGATATTCGCAAGAACACCAGTGGCGAAGGCGGCTCACTGGCCCATTACTGACGCTGAGGCACGAAAGCGTGGGGAGCAAACAGGATTAG
ASV_8558,CAGTGGGGAATATTGCACAATGGGCGCAAGCCTGATGCAGCGACGCCGCGTGGGGGATGACGGCCTTCGGGTTGTAAACTCCTTTCGCTAGGGACGAAGCTTTTTGTGACGGTACCTAGATAAGAAGCACCGGCTAACTACGTGCCAGCAGCCGCGGTAATACGTAGGGTGCGAGCGTTGTCCGGAATTACTGGGCGTAAAGGGCTCGTAGGTGGTTTGTCGCGTCGTCTGTGAAATTCCGGGGCTTAACTCCGGGCGTGCAGGCGATACGGGCATAACTTGAGTACTGTAGGGGTAACTGGAATTCCTGGTGTAGCGGTGAAATGCGCAGATATCAGGAGGAACACCGATGGCGAAGGCAGGTTACTGGGCAGTTACTGACGCTGAGGAGCGAAAGCATGGGTAGCGAACAGGATTAG
ASV_8593,CAGTGGGGAATATTGCACAATGGGCGAAAGCCTGATGCAGCAACGCCGCGTGAGGGACGACGGCCTTCGGGTTGTAAACCTCTTTTAGTAGGGAAGAAGCGAAAGTGACGGTACCTGCAGAAAAAGCACCGGCTAACTACGTGCCAGCAGCCGCGGTAATACGTAGGGTGCAAGCGTTGTCCGGAATTATTGGGCGTAAAGAGCTCGTAGGCGGTTTGTCGCGTCTGCTGTGAAAACTGGGGGCTCAACCCCCAGCCTGCAGTGGGTACGGGCAGACTAGAGTGCGGTAGGGGAGATTGGAATTCCTGGTGTAGCGGTGGAATGCGCAGATATCAGGAGGAACACCGATGGCGAAGGCAGATCTCTGGGCCGCTACTGACGCTGAGGAGCGAAAGCATGGGGAGCGAACAGGATTAG
ASV_8613,CAGTGGGGAATATTGGACAATGGGCGAAAGCCTGATCCAGCCATGCCGCGTGTGTGAAGAAGGTCTTCGGATTGTAAAGCACTTTAAGTTGGGAGGAAGGGCAGTAAGCGAATACCTTGCTGTTTTGACGTTACCGACAGAATAAGCACCGGCTAACTCTGTGCCAGCAGCCGCGGTAATACAGAGGGTGCAAGCGTTAATCGGAATTACTGGGCGTAAAGCGCGCGTAGGTGGTTTGTTAAGTTGAATGTGAAATCCCCGGGCTCAACCTGGGAACTGCATCCAAAACTGGCAAGCTAGAGTAGGGCAGAGGGTGGTGGAATTTCCTGTGTAGCGGTGAAATGCGTAGATATAGGAAGGAACACCAGTGGCGAAGGCGACCACCTGGGCTCATACTGACACTGAGGTGCGAAAGCGTGGGGAGCAAACAGGATTAG
ASV_8619,CAGTGGGGAATATTGGACAATGGGCGCAAGCCTGATCCAGCCATGCCGCGTGAGTGATGAAGGCCTTAGGGTTGTAAAGCTCTTTCACCGGTGAAGATAATGACGGTAACCGGAGAAGAAGCCCCGGCTAACTTCGTGCCAGCAGCCGCGGTAATACGAAGGGGGCTAGCGTTGTTCGGAATTACTGGGCGTAAAGCGCACGTAGGCGGATATTTAAGTCAGGGGTGAAATCCCAGAGCTCAACTCTGGAACTGCCTTTGATACTGGGTATCTTGAGTATGGAAGAGGTAAGTGGAATTGCGAGTGTAGAGGTGAAATTCGTAGATATTCGCAGGAACACCAGTGGCGAAGGCGGCTTACTGGTCCATTACTGACGCTGAGGTGCGAAAGCGTGGGGAGCAAACAGGATTAG
ASV_8625,CAGTGGGGAATTTTGGACAATGGGCGCAAGCCTGATCCAGCAATGCCGCGTGAGTGAAGAAGGCCTTCGGGTTGTAAAGCTCTTTTGTCAGGGAAGAAACGGTGAGGGCTAATATCCTTTGCTAATGACGGTACCTGAAGAATAAGCACCGGCTAACTACGTGCCAGCAGCCGCGGTAATACGTAGGGTGCAAGCGTTAATCGGAATTACTGGGCGTAAAGCGTGCGCAGGCGGTTTTGTAAGTTTGTCGTGAAAGCCCCGGGCTCAACCTGGGAATTGCGATGAAGACTGCAAGGCTTGAATCTGGCAGAGGGGGGTAGAATTCCACGTGTAGCAGTGAAATGCGTAGAGATGTGGAGGAACACCGATGGCGAAGGCAGCCCCCTGGGTCAAGATTGACGCTCATGCACGAAAGCGTGGGGAGCAAACAGGATTAG
ASV_8636,CAGTGGGGAATATTGCGCAATGGGGGAAACCCTGACGCAGCAACGCCGCGTGAATGATGAAGGCCTTCGGGTTGTAAAGTTCTGTCTTCTGGGACGATAATGACGGTACCAGAGGAGGAAGCCACGGCTAACTACGTGCCAGCAGCCGCGGTAATACGTAGGTGGCAAGCGTTGTCCGGATTTACTGGGCGTAAAGGATGCGTAGGCGGACATTTAAGTCAGATGTGAAATACCCGAGCTTAACTTGGGTGCTGCATTTGAAACTGGGTGTCTAGAGTGCAGGAGAGGTAAGTGGAATTCCTAGTGTAGCGGTGAAATGCGTAGAGATTAGGAAGAACACCAGTGGCGAAGGCGACTTACTGGACTGTAACTGACGCTGAGGCATGAAAGCGTGGGGAGCAAACAGGATTAG
ASV_8638,CAGTAAGGAATATTGGTCAATGGAGGCAACTCTGAACCAGCCATGCCGCGTGCAGGAAGACAGCCCTCTGGGTCGTAAACTGCTTTTATTCGGGAATAAACCTACTTACGTGTAAGTAGCTGAATGTACCGAAGGAATAAGGATCGGCTAACTCCGTGCCAGCAGCCGCGGTAATACGGAGGATCCAAGCGTTATCCGGATTTATTGGGTTTAAAGGGTGCGTAGGCGGCTTTTTAAGTCAGGGGTGAAAGACGGTAGCTCAACTATCGCAGTGCCCTTGATACTGAAGAGCTTGAATGGACTAGAGGTAGGCGGAATGTGACAAGTAGCGGTGAAATGCATAGATATGTCACAGAACACCGATTGCGAAGGCAGCTTACTATGGTTTTATTGACGCTGAGGCACGAAAGCGTGGGGATCAAACAGGATTAG
ASV_8639,CAGTGGGGAATATTGCACAATGGGCGCAAGCCTGATGCAGCCATGCCGCGTGTGTGAAGAAGGCCTTAGGGTTGTAAAGCACTTTCAGCGAGGAGGAAGGATGAAGTGTTAATAGCACTTGATATTGACGTTACTCGCAGAAGAAGCACCGGCTAACTCCGTGCCAGCAGCCGCGGTAATACGGAGGGTGCAAGCGTTAATCGGAATTACTGGGCGTAAAGCGCACGCAGGCGGTCTGACAAGTCAGATGTGAAATCCCCGAGCTTAACTTGGGAACTGCATTTGAAACTGTCAGGCTAGAGTCTTGTAGAGGGGGGTAGAATTCCAGGTGTAGCGGTGAAATGCGTAGAGATCTGGAGGAATACCGGTGGCGAAGGCGGCCCCCTGGACAAAGACTGACGCTCAGGTGCGAAAGCGTGGGGAGCAAACAGGATTAG
ASV_8651,CAGTGGGGAATTTTGGACAATGGGCGAAAGCCTGATCCAGCCATACCGCGTGTGGGAAGAAGGCCTTCGGGTTGTAAACCACTTTTGTCAGGGAAGAAATACTCTGGGCTAATACCCTGGGGTGATGACGGTACCTGAAGAATAAGCACCGGCTAACTACGTGCCAGCAGCCGCGGTAATACGTAGGGTGCAAGCGTTAATCGGAATTACTGGGCGTAAAGCGTGCGCAGGCGGTTATATAAGACAGATGTGAAATCCCCGGGCTCAACCTGGGAACTGCATTTGTGACTGTATAGCTAGAGTGCGGCAGAGGGGGATGGAATTCCGCGTGTAGCAGTGAAATGCGTAGATATGCGGAGGAACACCAATGGCGAAGGCAATCCCCTGGGCCTGCACTGACGCTCATGCACGAAAGCGTGGGGAGCAAACAGGATTAG
ASV_8653,CAGTAGGGAATATTGGGCAATGGATGCAAGTCTGACCCAGCCATGCCGCGTGCCGGATGAAGGCCCTCAGGGTTGTAAACGGCTTTTATTCGGGAAGAAGAATGGGGATGCGTCCCTTAGTGACGGTACCGAATGAATAAGCACCGGCTAACTCCGTGCCAGCAGCCGCGGTAATACGGAGGGTGCGAGCGTTGTCCGGATTTATTGGGTTTAAAGGGTGCGTAGGTGGCTTGTTAAGTCAGTGGTGAAATACAGCCGCTCAACGGTTGAGGTGCCATTGATACTGACAAGCTTGAAACAAGTGGAGGCTGCCGGAATGGATGGTGTAGCGGTGAAATGCATAGATATCATCCAGAACACCGATTGCGAAGGCAGGTGGCTACGTTTGATTTGACACTGAGGCACGAAAGCATGGGGAGCAAACAGGATTAG
ASV_8665,CAGTGGGGAATATTGCACAATGGGCGCAAGCCTGATGCAGCAACGCCGCGTGAGGGATGACGGCCTTCGGGTTGTAAACCTCTTTTAGTAGGGAAGAAGCGAAAGTGACGGTACCTGCAGAAAAAGCACCGGCTAACTACGTGCCAGCAGCCGCGGTAATACGTAGGGTGCAAGCGTTGTCCGGAATTATTGGGCGTAAAGAGCTCGTAGGCGGTTTGTCGCGTCTGCTGTGAAATCTGGGGGCTCAACCCCCAGCCTGCAGTGGGTACGGGCAGACTAGAGTGCGGTAGGGGAGATTGGAATTCCTGGTGTAGCGGTGGAATGCGCAGATATCAGGAGGAACACCGATGGCGAAGGCAGATCTCTGGGCCGTAACTGACGCTGAGGAGCGAAAGCGTGGGGAGCGAACAGGATTAG
ASV_8672,CAGTGGGGAATATTGGACAATGGGCGAAAGCCTGATCCAGCCATGCCGCGTGTGTGAAGAAGGTCTTCGGATTGTAAAGCACTTTAAGTTGGGAGGAAGGGCAGTTACCTAATACGTGATTGTTTTGACGTTACCGACAGAATAAGCACCGGCTAACTCTGTGCCAGCAGCCGCGGTAATACAGAGGGTGCAAGCGTTAATCGGAATTACTGGGCGTAAAGCGCGCGTAGGTGGTTTGTTAAGTTGGATGTGAAATCCCCGGGCTCAACCTGGGAACTGCATTCAAAACTGACTGACTAGAGTATGGTAGAGGGTGGTGGAATTTCCTGTGTAGCGGTGAAATGCGTAGATATAGGAAGGAACACCAGTGGCGAAGGCGACCACCTGGACTAATACTGACACTGAGGTGCGAAAGCGTGGGGAGCAAACAGGATTAG
ASV_8680,CAGTAGGGAATATTGGGCAATGGGCGAGAGCCTGACCCAGCCATGCCGCGTGCAGGAAGAAGGCTTTCTGAGTCGTAAACTGCTTTTGACAGGGAAGAATAAGCACTACGTGTAGTGCGATGACGGTACCTGCAGAATAAGCACCGGCTAACTCCGTGCCAGCAGCCGCGGTAATACGGAGGGTGCGAGCGTTGTCCGGATTTATTGGGTTTAAAGGGTGCGTAGGCGGCCGTTTAAGTCTGGGGTGAAAGCCCGCTGCTCAACAGCGGAACTGCCCTGGATACTGGACGGCTTGAGTACAGACGAGGTTGGCGGAATGGACTGAGTAGCGGTGAAATGCATAGATACAGTCCAGAACCCCGATTGCGAAGGCAGCTGACTAGGCTGTTACTGACGCTGAGGCACGAAAGCGTGGGGAGCGAACAGGATTAG
ASV_8682,CAGTGGGGAATATTGGACAATGGGCGCAAGCCTGATCCAGCAATGCCGCGTGAGTGATGAAGGCCTTAGGGTTGTAAAGCTCTTTTACCCGGGATGATAATGACAGTACCGGGAGAATAAGCTCCGGCTAACTCCGTGCCAGCAGCCGCGGTAATACGGAGGGAGCTAGCGTTGTTCGGAATTACTGGGCGTAAAGCGCACGTAGGCGGCTTTGTAAGTTAGAGGTGAAAGCCTGGAGCTCAACTCCAGAATTGCCTTTGATACTGCATGGCTTGAATCCAGGAGAGGTGAGTGGAATTCCGAGTGTAGAGGTGAAATTCGTAGATATTCGGAAGAACACCAGTGGCGAAGGCGGCTCACTGGACTGGTATTGACGCTGAGGTGCGAAAGCGTGGGGAGCAAACAGGATTAG
ASV_8702,CAGTGGGGAATATTGGACAATGGGCGAAAGCCTGATCCAGCAACGCCGCGTGAGGGATGACGGCCTTCGGGTTGTAAACCTCTTTCAGCAGGGACGAAGCGAAAGTGACGGTACCTGCAGAAGAAGGACCGGCCAACTACGTGCCAGCAGCCGCGGTAATACGTAGGGTCCGAGCGTTGTCCGGAATTATTGGGCGTAAAGGGCTCGTAGGCGGTTTGTCGCGTCGGGAGTGAAAACTCAGGGCTCAACCCTGAGCGTGCTTCCGATACGGGCAGACTAGAGGTATTCAGGGGAGAACGGAATTCCTGGTGTAGCGGTGGAATGCGCAGATATCAGGAGGAACACCGGTGGCGAAGGCGGTTCTCTGGGAATTACCTGACGCTGAGGAGCGAAAGCATGGGGAGCGAACAGGATTAG
ASV_8706,CAGTAGGGAATCTTCCGCAATGGGCGAAAGCCTGACGGAGCAACGCCGCGTGAGTGATGAAGGTCTTCGGATCGTAAAACTCTGTTATTAGGGAAGAACAAATGTGTAAGTAACTATGCACGTCTTGACGGTACCTAATCAGAAAGCCACGGCTAACTACGTGCCAGCAGCCGCGGTAATACGTAGGTGGCAAGCGTTATCCGGAATTATTGGGCGTAAAGCGCGCGTAGGCGGTTTTTTAAGTCTGATGTGAAAGCCCACGGCTCAACCGTGGAGGGTCATTGGAAACTGGAAAACTTGAGTGCAGAAGAGGAAAGTGGAATTCCATGTGTAGCGGTGAAATGCGCAGAGATATGGAGGAACACCAGTGGCGAAGGCGACTTTCTGGTCTGTAACTGACGCTGATGTGCGAAAGCGTGGGGATCAAACAGGATTAG
ASV_8707,CAGTGGGGAATATTGGACAATGGGCGAAAGCCTGATCCAGCAACGCCGCGTGAGGGATGACGGCCTTCGGGTTGTAAACCTCTTTCAGCAGGGACGAAGCGAGAGTGACGGTACCTGCAGAAGAAGGACCGGCCAACTACGTGCCAGCAGCCGCGGTAATACGTAGGGTCCGAGCGTTGTCCGGAATTATTGGGCGTAAAGGGCTCGTAGGCGGTTTGTCGCGTCGGGAGTGAAAACTCAGGGCTCAACCCTGAGCGTGCTTCCGATACGGGCAGACTAGAGGTATTCAGGGGAGAACGGAATTCCTGGTGTAGCGGTGGAATGCGCAGATATCAGGAGGAACACCGGTGGCGAAGGCGGTTCTCTGGGAATTACCTGACGCTGAGGAGCGAAAGCATGGGGAGCGAACAGGATTAG
ASV_8716,CAGTGGGGAATTTTCCGCAATGGGCGAAAGCCTGACGGAGCAATGCCGCGTGGAGGTAGAAGGCCCACGGGTCGTGAACTTCTTTTCCCGGAGAAGAAGCAATGACGGTATCTGGGGAATAAGCATCGGCTAACTCTGTGCCAGCAGCCGCGGTAATACAGAGGATGCAAGCGTTATCCGGAATGATTGGGCGTAAAGCGTCTGTAGGTGGCTTTTTAAGTCCGCCGTCAAATCCCAGGGCTCAACCCTGGACAGGCGGTGGAAACTACCAAGCTGGAGTACGGTAGGGGCAGAGGGAATTTCCGGTGGAGCGGTGAAATGCGTAGAGATCGGAAAGAACACCAACGGCGAAAGCACTCTGCTGGGCCGACACTGACACTGAGAGACGAAAGCTAGGGGAGCGAATGGGATTAG
ASV_8730,CAGTGGGGAATATTGCACAATGGGCGCAAGCCTGATGCAGCCATGCCGCGTGTATGAAGAAGGCCTTCGGGTTGTAAAGTACTTTCAGCGGGGAGGAAGGCGATGCGGTTAATAACCGCGTCGATTGACGTTACCCGCAGAAGAAGCACCGGCTAACTCCGTGCCAGCAGCCGCGGTAATACGGAGGGTGCAAGCGTTAATCGGAATTACTGGGCGTAAAGCGCACGCAGGCGGTCTGTTAAGTCAGATGTGAAATCCCCGGGCTTAACCTGGGAACTGCATTTGAAACTGGCAGGCTTGAGTCTTGTAGAGGGGGGTAGAATTCCAGGTGTAGCGGTGAAATGCGTAGAGATCTGGAGGAATACCGGTGGCGAAGGCGGCCCCCTGGACAAAGACTGACGCTCAGGTGCGAAAGCGTGGGGAGCAAACAGGATTAG
ASV_8736,CAGTGGGGAATATTGCACAATGGGCGCAAGCCTGATGCAGCAACGCCGCGTGAGGGATGACGGCCTTCGGGTTGTAAACCTCTTTTAGTAGGGAAGAAGCGAAAGTGACGGTACCTGCAGAAAAAGCACCGGCTAACTACGTGCCAGCAGCCGCGGTAATACGTAGGGTGCAAGCGTTGTCCGGAATTATTGGGCGTAAAGAGCTCGTAGGCGGTTTGTCGCGTCTGCTGTGAAATCCCGAGGCTCAACCTCGGGTCTGCAGTGGGTACGGGCAGACTAGAGTGCGGTAGGGGAGATTGGAATTCCTGGTGTAGCGGTGGAATGCGCAGATATCAGGAGGAACACCGATGGCGAAGGCAGATCTCTGGGCCGTAACTGACGCTGAGGAGCGAAAGCATGGGGAGCGAACAGGATTAG
ASV_8755,CAGTGGGGAATTTTCCGCAATGGGCGAAAGCCTGACGGAGCAATGCCGCGTGGAGGTAGAAGGCCCACGGGTCATGAACTTCTTTTCCCGGAGAAGAAGCAATGACGGTATCCGGGGAATAAGCATCGGCTAACTCTGTGCCAGCAGCCGCGGTAATACAGAGGATGCAAGCGTTATCCGGAATGATTGGGCGTAAAGCGTCTGTAGGTGGCTTTTTAAGTCCGCCGTCAAATCCCAGGGCTCAACCCTGGACAGGCGGTGGAAACTACCAAGCTGGAGTACGGTAGGGGCAGAGGGAATTTCCGGTGGAGCGGTGAAATGCGTAGAGATCGGAAAGAACACCAACGGCGAAAGCACTCTGCTGGGCCGACACTGACACTGAGAGACGAAAGCTAGGGGAGCGAATGGGATTAG
ASV_8769,CAGTGGGGAATATTGGACAATGGGCGAAAGCCTGATCCAGCCATGCCGCGTGTGTGAAGAAGGTCTTCGGATTGTAAAGCACTTTAAGTTGGGAGGAAGGGCAGTCAGCGAATACCTTGCTGTCTTGACGTTACCGACAGAATAAGCACCGGCTAACTCTGTGCCAGCAGCCGCGGTAATACAGAGGGTGCAAGCGTTAATCGGAATTACTGGGCGTAAAGCGCGCGTAGGTGGTTTGTTAAGTTGAATGTGAAATCCCCGGGCTCAACCTGGGAACTGCATCCAAAACTGGCAAGCTAGAGTAGGGCAGAGGGTGGTGGAATTTCCTGTGTAGCGGTGAAATGCGTAGATATAGGAAGGAACACCAGTGGCGAAGGCGACCACCTGGGCTCATACTGACACTGAGGTGCGAAAGCGTGGGGAGCAAACAGGATTAG
ASV_8777,CAGTGGGGAATATTGGACAATGGGCGCAAGCCTGATCCAGCCATGCCGCGTGAGTGATGAAGGCCCTAGGGTTGTAAAGCTCTTTCACCGGTGAAGATAATGACGGTAACCGGAGAAGAAGCCCCGGCTAACTTCGTGCCAGCAGCCGCGGTAATACGAAGGGGGCTAGCGTTGTTCGGAATTACTGGGCGTAAAGCGCACGTAGGCGGATTGTTAAGTTAGGGGTGAAATCCCAGGGCTCAACCCTGGAACTGCCTCTAATACTGGCAATCTCGAGTCCGAGAGAGGTGAGTGGAATTCCGAGTGTAGAGGTGAAATTCGTAGATATTCGGAGGAACACCAGTGGCGAAGGCGGCTCACTGGCTCGGTACTGACGCTGAGGTGCGAAAGCGTGGGGAGCAAACAGGATTAG
ASV_8778,CAGTGGGGAATTTTGGACAATGGGGGCAACCCTGATCCAGCAATGCCGCGTGTGTGAAGAAGGCCTTCGGGTTGTAAAGCACTTTTGTCCGGAAAGAAATCGCACTTACTAATATTAGGTGTGGATGACGGTACCGGAAGAATAAGGACCGGCTAACTACGTGCCAGCAGCCGCGGTAATACGTAGGGTCCAAGCGTTAATCGGAATTACTGGGCGTAAAGCGTGCGCAGGCGGTTGTGCAAGACCGATGTGAAATCCCCGGGCTTAACCTGGGAATTGCATTGGTGACTGCACGGCTAGAGTGTGTCAGAGGGGGGTAGAATTCCACGTGTAGCAGTGAAATGCGTAGAGATGTGGAGGAATACCGATGGCGAAGGCAGCCCCCTGGGATAACACTGACGCTCATGCACGAAAGCGTGGGGAGCAAACAGGATTAG
